[{"RGB": [48, 48, 48], "name": "\u767e\u8349\u971c", "pinyin": "baicaoshuang", "hex": "#303030", "CMYK": [0, 0, 0, 81]}, {"RGB": [78, 24, 146], "name": "\u67cf\u574a\u7070\u84dd", "pinyin": "baifanghuilan", "hex": "#4e1892", "CMYK": [46, 83, 0, 42]}, {"RGB": [31, 54, 150], "name": "\u5b9d\u84dd", "pinyin": "baolan", "hex": "#1f3696", "CMYK": [79, 64, 0, 41]}, {"RGB": [39, 104, 147], "name": "\u5317\u4eac\u6bdb\u84dd", "pinyin": "beijingmaolan", "hex": "#276893", "CMYK": [73, 29, 0, 42]}, {"RGB": [86, 149, 151], "name": "\u78a7\u7389\u77f3", "pinyin": "biyushi", "hex": "#569597", "CMYK": [43, 1, 0, 40]}, {"RGB": [198, 83, 6], "name": "\u82cd\u9ec4", "pinyin": "canghuang", "hex": "#c65306", "CMYK": [0, 58, 96, 22]}, {"RGB": [37, 56, 107], "name": "\u85cf\u84dd", "pinyin": "zanglan", "hex": "#25386b", "CMYK": [65, 47, 0, 58]}, {"RGB": [78, 95, 69], "name": "\u82cd\u7eff", "pinyin": "canglyu", "hex": "#4e5f45", "CMYK": [17, 0, 27, 62]}, {"RGB": [219, 206, 84], "name": "\u8349\u9ec4", "pinyin": "caohuang", "hex": "#dbce54", "CMYK": [0, 5, 61, 14]}, {"RGB": [117, 117, 112], "name": "\u627f\u5fb7\u7070", "pinyin": "chengdehui", "hex": "#757570", "CMYK": [0, 0, 4, 54]}, {"RGB": [90, 92, 91], "name": "\u627f\u5fb7\u7682", "pinyin": "chengdezao", "hex": "#5a5c5b", "CMYK": [2, 0, 1, 63]}, {"RGB": [175, 94, 83], "name": "\u8fb0\u7802", "pinyin": "chensha", "hex": "#af5e53", "CMYK": [0, 46, 52, 31]}, {"RGB": [123, 161, 168], "name": "\u6625\u84dd", "pinyin": "chunlan", "hex": "#7ba1a8", "CMYK": [26, 4, 0, 34]}, {"RGB": [227, 239, 209], "name": "\u6625\u7eff", "pinyin": "chunlyu", "hex": "#e3efd1", "CMYK": [5, 0, 12, 6]}, {"RGB": [0, 110, 95], "name": "\u7fe0\u7eff", "pinyin": "cuilyu", "hex": "#006e5f", "CMYK": [100, 0, 13, 56]}, {"RGB": [67, 69, 74], "name": "\u7c97\u6676\u7682", "pinyin": "cujingzao", "hex": "#43454a", "CMYK": [9, 6, 0, 70]}, {"RGB": [109, 115, 88], "name": "\u5927\u8d64\u91d1", "pinyin": "dachijin", "hex": "#6d7358", "CMYK": [5, 0, 23, 54]}, {"RGB": [48, 71, 88], "name": "\u9edb\u84dd", "pinyin": "dailan", "hex": "#304758", "CMYK": [45, 19, 0, 65]}, {"RGB": [215, 193, 107], "name": "\u4e39\u4e1c\u77f3", "pinyin": "dandongshi", "hex": "#d7c16b", "CMYK": [0, 10, 50, 15]}, {"RGB": [174, 196, 183], "name": "\u6de1\u7070\u7eff", "pinyin": "danhuilyu", "hex": "#aec4b7", "CMYK": [11, 0, 6, 23]}, {"RGB": [54, 53, 50], "name": "\u706f\u8349\u7070", "pinyin": "dengcaohui", "hex": "#363532", "CMYK": [0, 1, 7, 78]}, {"RGB": [27, 84, 242], "name": "\u975b\u84dd", "pinyin": "dianlan", "hex": "#1b54f2", "CMYK": [83, 68, 0, 0]}, {"RGB": [196, 71, 61], "name": "\u8543\u8304\u7ea2", "pinyin": "fanqiehong", "hex": "#c4473d", "CMYK": [0, 63, 68, 23]}, {"RGB": [195, 86, 85], "name": "\u5983\u7ea2", "pinyin": "feihong", "hex": "#c35655", "CMYK": [0, 55, 56, 23]}, {"RGB": [228, 207, 142], "name": "\u7518\u8349\u9ec4", "pinyin": "gancaohuang", "hex": "#e4cf8e", "CMYK": [0, 9, 37, 10]}, {"RGB": [106, 104, 52], "name": "\u6a44\u6984\u7eff", "pinyin": "ganlanlyu", "hex": "#6a6834", "CMYK": [0, 1, 50, 58]}, {"RGB": [234, 220, 214], "name": "\u7518\u77f3\u7c89", "pinyin": "ganshifen", "hex": "#eadcd6", "CMYK": [0, 5, 8, 8]}, {"RGB": [100, 147, 175], "name": "\u94b4\u84dd", "pinyin": "gulan", "hex": "#6493af", "CMYK": [42, 16, 0, 31]}, {"RGB": [136, 174, 163], "name": "\u679c\u7070", "pinyin": "guohui", "hex": "#88aea3", "CMYK": [21, 0, 6, 31]}, {"RGB": [23, 80, 125], "name": "\u6d77\u84dd", "pinyin": "hailan", "hex": "#17507d", "CMYK": [81, 36, 0, 50]}, {"RGB": [79, 83, 85], "name": "\u7ea2\u7682", "pinyin": "hongzao", "hex": "#4f5355", "CMYK": [7, 2, 0, 66]}, {"RGB": [176, 183, 172], "name": "\u9ec4\u7070", "pinyin": "huanghui", "hex": "#b0b7ac", "CMYK": [3, 0, 6, 28]}, {"RGB": [84, 107, 131], "name": "\u82b1\u9752", "pinyin": "huaqing", "hex": "#546b83", "CMYK": [35, 18, 0, 48]}, {"RGB": [235, 232, 219], "name": "\u80e1\u7c89", "pinyin": "hufen", "hex": "#ebe8db", "CMYK": [0, 1, 6, 7]}, {"RGB": [93, 130, 138], "name": "\u7070\u84dd", "pinyin": "huilan", "hex": "#5d828a", "CMYK": [32, 5, 0, 45]}, {"RGB": [92, 137, 135], "name": "\u7070\u7eff", "pinyin": "huilyu", "hex": "#5c8987", "CMYK": [32, 0, 1, 46]}, {"RGB": [182, 177, 150], "name": "\u7070\u7c73", "pinyin": "huimi", "hex": "#b6b196", "CMYK": [0, 2, 17, 28]}, {"RGB": [180, 148, 54], "name": "\u59dc\u9ec4", "pinyin": "jianghuang", "hex": "#b49436", "CMYK": [0, 17, 70, 29]}, {"RGB": [109, 97, 74], "name": "\u5c06\u6821\u5462", "pinyin": "jiangxiaoni", "hex": "#6d614a", "CMYK": [0, 11, 32, 57]}, {"RGB": [112, 77, 78], "name": "\u7edb\u7d2b", "pinyin": "jiangzi", "hex": "#704d4e", "CMYK": [0, 31, 30, 56]}, {"RGB": [231, 105, 63], "name": "\u6854\u7ea2", "pinyin": "jiehong", "hex": "#e7693f", "CMYK": [0, 54, 72, 9]}, {"RGB": [232, 133, 59], "name": "\u6854\u9ec4", "pinyin": "jiehuang", "hex": "#e8853b", "CMYK": [0, 42, 74, 9]}, {"RGB": [199, 122, 58], "name": "\u91d1\u9ec4", "pinyin": "jinhuang", "hex": "#c77a3a", "CMYK": [0, 38, 70, 21]}, {"RGB": [202, 212, 186], "name": "\u519b\u7eff", "pinyin": "junlyu", "hex": "#cad4ba", "CMYK": [4, 0, 12, 16]}, {"RGB": [0, 65, 165], "name": "\u5b54\u96c0\u84dd", "pinyin": "kongquelan", "hex": "#0041a5", "CMYK": [100, 60, 0, 35]}, {"RGB": [133, 121, 79], "name": "\u5e93\u91d1", "pinyin": "kujin", "hex": "#85794f", "CMYK": [0, 9, 40, 47]}, {"RGB": [183, 178, 120], "name": "\u67af\u7eff", "pinyin": "kulyu", "hex": "#b7b278", "CMYK": [0, 2, 34, 28]}, {"RGB": [231, 229, 208], "name": "\u8721\u767d", "pinyin": "labai", "hex": "#e7e5d0", "CMYK": [0, 0, 9, 9]}, {"RGB": [61, 110, 83], "name": "\u8001\u7eff", "pinyin": "laolyu", "hex": "#3d6e53", "CMYK": [44, 0, 24, 56]}, {"RGB": [213, 75, 68], "name": "\u69b4\u82b1\u7ea2", "pinyin": "liuhuahong", "hex": "#d54b44", "CMYK": [0, 64, 68, 16]}, {"RGB": [169, 176, 143], "name": "\u82a6\u7070", "pinyin": "luhui", "hex": "#a9b08f", "CMYK": [3, 0, 18, 30]}, {"RGB": [151, 52, 68], "name": "\u73ab\u7470\u7ea2", "pinyin": "meiguihong", "hex": "#973444", "CMYK": [0, 65, 54, 40]}, {"RGB": [121, 61, 86], "name": "\u73ab\u7470\u7070", "pinyin": "meiguihui", "hex": "#793d56", "CMYK": [0, 49, 28, 52]}, {"RGB": [225, 189, 162], "name": "\u7c73\u7ea2", "pinyin": "mihong", "hex": "#e1bda2", "CMYK": [0, 15, 28, 11]}, {"RGB": [197, 191, 173], "name": "\u7c73\u7070", "pinyin": "mihui", "hex": "#c5bfad", "CMYK": [0, 3, 12, 22]}, {"RGB": [245, 245, 220], "name": "\u7c73\u8272", "pinyin": "mise", "hex": "#f5f5dc", "CMYK": [0, 0, 10, 3]}, {"RGB": [175, 200, 186], "name": "\u5976\u7eff", "pinyin": "nailyu", "hex": "#afc8ba", "CMYK": [12, 0, 7, 21]}, {"RGB": [193, 162, 153], "name": "\u5976\u68d5", "pinyin": "naizong", "hex": "#c1a299", "CMYK": [0, 16, 20, 24]}, {"RGB": [233, 219, 57], "name": "\u67e0\u6aac\u9ec4", "pinyin": "ningmenghuang", "hex": "#e9db39", "CMYK": [0, 6, 75, 8]}, {"RGB": [167, 19, 104], "name": "\u54c1\u7ea2", "pinyin": "pinhong", "hex": "#a71368", "CMYK": [0, 88, 37, 34]}, {"RGB": [60, 94, 145], "name": "\u6d45\u6d77\u660c\u84dd", "pinyin": "qianhaichanglan", "hex": "#3c5e91", "CMYK": [58, 35, 0, 43]}, {"RGB": [222, 168, 122], "name": "\u6d45\u9ec4\u68d5", "pinyin": "qianhuangzong", "hex": "#dea87a", "CMYK": [0, 24, 45, 12]}, {"RGB": [218, 149, 88], "name": "\u6d45\u6854\u9ec4", "pinyin": "qianjiehuang", "hex": "#da9558", "CMYK": [0, 31, 59, 14]}, {"RGB": [162, 32, 118], "name": "\u7275\u725b\u7d2b", "pinyin": "qianniuzi", "hex": "#a22076", "CMYK": [0, 80, 27, 36]}, {"RGB": [171, 150, 197], "name": "\u6d45\u77f3\u82f1\u7d2b", "pinyin": "qianshiyingzi", "hex": "#ab96c5", "CMYK": [13, 23, 0, 22]}, {"RGB": [196, 195, 203], "name": "\u6d45\u85e4\u7d2b", "pinyin": "qiantengzi", "hex": "#c4c3cb", "CMYK": [3, 3, 0, 20]}, {"RGB": [201, 174, 140], "name": "\u6d45\u9a7c\u8272", "pinyin": "qiantuose", "hex": "#c9ae8c", "CMYK": [0, 13, 30, 21]}, {"RGB": [234, 205, 209], "name": "\u6d45\u8840\u7259", "pinyin": "qianxieya", "hex": "#eacdd1", "CMYK": [0, 12, 10, 8]}, {"RGB": [225, 219, 205], "name": "\u6d45\u68d5\u7070", "pinyin": "qianzonghui", "hex": "#e1dbcd", "CMYK": [0, 2, 8, 11]}, {"RGB": [213, 184, 132], "name": "\u5361\u5176\u9ec4", "pinyin": "kaqihuang", "hex": "#d5b884", "CMYK": [0, 13, 38, 16]}, {"RGB": [100, 115, 112], "name": "\u5361\u5176\u7eff", "pinyin": "kaqilyu", "hex": "#647370", "CMYK": [13, 0, 2, 54]}, {"RGB": [103, 73, 80], "name": "\u8304\u76ae\u7d2b", "pinyin": "qiepizi", "hex": "#674950", "CMYK": [0, 29, 22, 59]}, {"RGB": [69, 86, 103], "name": "\u9e4a\u7070", "pinyin": "quehui", "hex": "#455667", "CMYK": [33, 16, 0, 59]}, {"RGB": [49, 103, 141], "name": "\u7ed2\u84dd", "pinyin": "ronglan", "hex": "#31678d", "CMYK": [65, 26, 0, 44]}, {"RGB": [144, 202, 175], "name": "\u4e09\u7eff", "pinyin": "sanlyu", "hex": "#90caaf", "CMYK": [28, 0, 13, 20]}, {"RGB": [0, 91, 90], "name": "\u6c99\u7eff", "pinyin": "shalyu", "hex": "#005b5a", "CMYK": [100, 0, 1, 64]}, {"RGB": [43, 94, 125], "name": "\u6c99\u9752", "pinyin": "shaqing", "hex": "#2b5e7d", "CMYK": [65, 24, 0, 50]}, {"RGB": [90, 76, 76], "name": "\u6df1\u70df", "pinyin": "shenyan", "hex": "#5a4c4c", "CMYK": [0, 15, 15, 64]}, {"RGB": [100, 52, 65], "name": "\u6df1\u70df\u7ea2", "pinyin": "shenyanhong", "hex": "#643441", "CMYK": [0, 48, 34, 60]}, {"RGB": [37, 120, 181], "name": "\u6df1\u7af9\u6708", "pinyin": "shenzhuyue", "hex": "#2578b5", "CMYK": [79, 33, 0, 29]}, {"RGB": [252, 177, 170], "name": "\u5341\u6837\u9526", "pinyin": "shiyangjin", "hex": "#fcb1aa", "CMYK": [0, 29, 32, 1]}, {"RGB": [148, 156, 151], "name": "\u6c34\u8c82\u7070", "pinyin": "shuidiaohui", "hex": "#949c97", "CMYK": [5, 0, 3, 38]}, {"RGB": [190, 210, 182], "name": "\u6c34\u9ec4", "pinyin": "shuihuang", "hex": "#bed2b6", "CMYK": [9, 0, 13, 17]}, {"RGB": [242, 222, 118], "name": "\u85e4\u9ec4", "pinyin": "tenghuang", "hex": "#f2de76", "CMYK": [0, 8, 51, 5]}, {"RGB": [46, 195, 231], "name": "\u5929\u9752*", "pinyin": "tianqing", "hex": "#2ec3e7", "CMYK": [65, 0, 6, 0]}, {"RGB": [55, 68, 75], "name": "\u94c1\u7070", "pinyin": "tiehui", "hex": "#37444b", "CMYK": [26, 9, 0, 70]}, {"RGB": [206, 147, 53], "name": "\u571f\u9ec4", "pinyin": "tuhuang", "hex": "#ce9335", "CMYK": [0, 28, 74, 19]}, {"RGB": [98, 92, 82], "name": "\u76f8\u601d\u7070", "pinyin": "xiangsihui", "hex": "#625c52", "CMYK": [0, 6, 16, 61]}, {"RGB": [160, 62, 40], "name": "\u8840\u7ea2", "pinyin": "xiehong", "hex": "#a03e28", "CMYK": [0, 61, 75, 37]}, {"RGB": [196, 55, 57], "name": "\u7329\u7ea2", "pinyin": "xinghong", "hex": "#c43739", "CMYK": [0, 71, 70, 23]}, {"RGB": [208, 133, 61], "name": "\u96c4\u9ec4", "pinyin": "xionghuang", "hex": "#d0853d", "CMYK": [0, 36, 70, 18]}, {"RGB": [228, 117, 66], "name": "\u96c4\u7cbe", "pinyin": "xiongjing", "hex": "#e47542", "CMYK": [0, 48, 71, 10]}, {"RGB": [77, 25, 25], "name": "\u9508\u7ea2", "pinyin": "xiuhong", "hex": "#4d1919", "CMYK": [0, 67, 67, 69]}, {"RGB": [184, 200, 183], "name": "\u9508\u7eff", "pinyin": "xiulyu", "hex": "#b8c8b7", "CMYK": [8, 0, 8, 21]}, {"RGB": [121, 111, 84], "name": "\u9009\u91d1", "pinyin": "xuanjin", "hex": "#796f54", "CMYK": [0, 8, 30, 52]}, {"RGB": [255, 250, 250], "name": "\u96ea\u8272", "pinyin": "xuese", "hex": "#fffafa", "CMYK": [0, 1, 1, 0]}, {"RGB": [121, 72, 90], "name": "\u96ea\u7d2b", "pinyin": "xuezi", "hex": "#79485a", "CMYK": [0, 40, 25, 52]}, {"RGB": [209, 227, 219], "name": "\u9e2d\u86cb\u9752", "pinyin": "yadanqing", "hex": "#d1e3db", "CMYK": [7, 0, 3, 10]}, {"RGB": [156, 102, 128], "name": "\u6d0b\u8471\u7d2b", "pinyin": "yangcongzi", "hex": "#9c6680", "CMYK": [0, 34, 17, 38]}, {"RGB": [220, 20, 60], "name": "\u6d0b\u7ea2", "pinyin": "yanghong", "hex": "#dc143c", "CMYK": [0, 90, 72, 13]}, {"RGB": [204, 53, 54], "name": "\u8273\u7ea2", "pinyin": "yanhong", "hex": "#cc3536", "CMYK": [0, 74, 73, 19]}, {"RGB": [0, 142, 89], "name": "\u9e66\u9e49\u7eff", "pinyin": "yingwulyu", "hex": "#008e59", "CMYK": [100, 0, 37, 44]}, {"RGB": [221, 59, 68], "name": "\u94f6\u6731", "pinyin": "yinzhu", "hex": "#dd3b44", "CMYK": [0, 90, 70, 8]}, {"RGB": [69, 85, 74], "name": "\u6cb9\u7eff", "pinyin": "youlyu", "hex": "#45554a", "CMYK": [18, 0, 12, 66]}, {"RGB": [63, 63, 60], "name": "\u6cb9\u70df\u58a8", "pinyin": "youyanmo", "hex": "#3f3f3c", "CMYK": [0, 0, 4, 75]}, {"RGB": [62, 60, 61], "name": "\u5143\u9752", "pinyin": "yuanqing", "hex": "#3e3c3d", "CMYK": [0, 3, 1, 75]}, {"RGB": [192, 63, 60], "name": "\u80ed\u8102", "pinyin": "yanzhi", "hex": "#c03f3c", "CMYK": [0, 87, 70, 23]}, {"RGB": [88, 90, 87], "name": "\u94f6\u7b94", "pinyin": "yinbo", "hex": "#585a57", "CMYK": [2, 0, 3, 64]}, {"RGB": [187, 28, 51], "name": "\u6708\u5b63\u7ea2", "pinyin": "yuejihong", "hex": "#bb1c33", "CMYK": [0, 85, 72, 26]}, {"RGB": [80, 120, 131], "name": "\u7389\u77f3\u84dd", "pinyin": "yushilan", "hex": "#507883", "CMYK": [38, 8, 0, 48]}, {"RGB": [137, 48, 63], "name": "\u67a3\u7ea2", "pinyin": "zaohong", "hex": "#89303f", "CMYK": [0, 64, 54, 46]}, {"RGB": [235, 101, 45], "name": "\u7ae0\u4e39", "pinyin": "zhangdan", "hex": "#eb652d", "CMYK": [0, 57, 80, 7]}, {"RGB": [147, 162, 169], "name": "\u6b63\u7070", "pinyin": "zhenghui", "hex": "#93a2a9", "CMYK": [13, 4, 0, 33]}, {"RGB": [219, 199, 166], "name": "\u679d\u9ec4", "pinyin": "zhihuang", "hex": "#dbc7a6", "CMYK": [0, 9, 24, 14]}, {"RGB": [116, 138, 141], "name": "\u7ec7\u9526\u7070", "pinyin": "zhijinhui", "hex": "#748a8d", "CMYK": [17, 2, 0, 44]}, {"RGB": [188, 165, 144], "name": "\u7eb8\u68d5", "pinyin": "zhizong", "hex": "#bca590", "CMYK": [0, 12, 23, 26]}, {"RGB": [169, 152, 124], "name": "\u4e2d\u68d5\u7070", "pinyin": "zhongzonghui", "hex": "#a9987c", "CMYK": [0, 10, 26, 33]}, {"RGB": [165, 67, 88], "name": "\u7d2b\u7c89", "pinyin": "zifen", "hex": "#a54358", "CMYK": [0, 59, 46, 35]}, {"RGB": [195, 166, 203], "name": "\u7d2b\u6c34\u6676", "pinyin": "zishuijing", "hex": "#c3a6cb", "CMYK": [3, 18, 0, 20]}, {"RGB": [133, 126, 149], "name": "\u7d2b\u85e4\u7070", "pinyin": "zitenghui", "hex": "#857e95", "CMYK": [10, 15, 0, 41]}, {"RGB": [238, 165, 209], "name": "\u7d2b\u8587\u82b1", "pinyin": "ziweihua", "hex": "#eea5d1", "CMYK": [0, 30, 12, 6]}, {"RGB": [184, 132, 79], "name": "\u68d5\u8336", "pinyin": "zongcha", "hex": "#b8844f", "CMYK": [0, 28, 57, 27]}]